model,architecture,backbone,file_size_mb,test_precision,test_recall,test_f1,test_miou,test_mAP50,test_mAP50_95,val_precision,val_recall,val_f1,val_miou,val_mAP50,val_mAP50_95,best_miou,total_params,gflops,trainable_params,avg_latency_ms,fps,best_mAP50,best_mAP50_95
Faster R-CNN,Two-stage,ResNet-50 FPN v2,165.47,0.9167675544794189,0.9646496815286624,0.9400993171942892,0.8671712198246426,0.9646633863449097,0.7105161547660828,0.013576056772601049,0.1527777777777778,0.024936242561632193,0.6085313437713515,N/A,N/A,0.6085313437713515,43281778,280.82,43056434,257.97,3.88,,
SME-YOLO,One-stage,YOLOv11n (CSPDarknet),5.22,0.9453870667430687,0.8989728891763934,0.9215959607584584,0.8642650854779693,0.9557091200591389,0.710407821266249,0.96197,0.92804,0.9447004394685742,N/A,0.97418,0.71259,,2591010,3.22,2591010,46.71,21.41,0.97418,0.73342
YOLO26,One-stage,YOLO26n,5.14,0.8343637161368006,0.8160639239294234,0.8251123668137452,0.8785027550437785,0.8834740959088928,0.6483564647267842,0.86698,0.83092,0.8485670788621238,N/A,0.91359,0.65869,,2506140,2.89,2506140,34.55,28.94,0.91359,0.67722
ViT-Det,Two-stage,ViT-Base/16 + FPN,387.69,0.5641629385448552,0.7630573248407644,0.6487071883037769,0.7568398360069686,0.7168401479721069,0.35133662819862366,0.6333725029377203,0.7439613526570048,0.6842272294509679,0.7463394578910107,N/A,N/A,0.7513550678640574,101611359,147.04,101611359,266.24,3.76,,
RT-DETR,Transformer,RT-DETR-L (ResNet-based),63.16,0.9639033274942989,0.9544415388787755,0.9591490991538055,0.8719364789085112,0.9746277965080298,0.7388199402420592,0.98467,0.95982,0.9720862122201709,N/A,0.98638,0.67611,,32818406,54.01,32818406,116.36,8.59,0.98638,0.74642
